"note","user_type/id","child_consol_ids","name","type","code","id","parent_id/id"
"BILANCA","l10n_hr.account_type_view",,"BILANCA","view","FI-AOP:00B","rrif_rdgbil_fiaop00b",
"AKTIVA","l10n_hr.account_type_view",,"AKTIVA","view","FI-AOP:0BA","rrif_rdgbil_fiaop0ba","rrif_rdgbil_fiaop00b"
"A)  POTRAŽIVANJA ZA UPISANI A NEUPLAĆENI KAPITAL","l10n_hr.account_type_aktiva","00","A)  POTRAŽIVANJA ZA UPISANI A NEUPLAĆENI KAPITAL","consolidation","FI-AOP:001","rrif_rdgbil_fiaop001","rrif_rdgbil_fiaop0ba"
"B)  DUGOTRAJNA IMOVINA (003+010+020+028+032)","l10n_hr.account_type_aktiva",,"B)  DUGOTRAJNA IMOVINA (003+010+020+028+032)","view","FI-AOP:002","rrif_rdgbil_fiaop002","rrif_rdgbil_fiaop0ba"
"I. NEMATERIJALNA IMOVINA (004 do 009)","l10n_hr.account_type_aktiva",,"I. NEMATERIJALNA IMOVINA (004 do 009)","view","FI-AOP:003","rrif_rdgbil_fiaop003","rrif_rdgbil_fiaop002"
"   1. Izdaci za razvoj","l10n_hr.account_type_aktiva","010","   1. Izdaci za razvoj","consolidation","FI-AOP:004","rrif_rdgbil_fiaop004","rrif_rdgbil_fiaop003"
"   2. Koncesije, patenti, licencije, robne i uslužne marke, softver i ostala prava","l10n_hr.account_type_aktiva","011,012","   2. Koncesije, patenti, licencije, robne i uslužne marke, softver i ostala prava","consolidation","FI-AOP:005","rrif_rdgbil_fiaop005","rrif_rdgbil_fiaop004"
"   3. Goodwill","l10n_hr.account_type_aktiva","013","   3. Goodwill","consolidation","FI-AOP:006","rrif_rdgbil_fiaop006","rrif_rdgbil_fiaop005"
"   4. Predujmovi za nabavu nematerijalne imovine","l10n_hr.account_type_aktiva","015","   4. Predujmovi za nabavu nematerijalne imovine","consolidation","FI-AOP:007","rrif_rdgbil_fiaop007","rrif_rdgbil_fiaop006"
"   5. Nematerijalna imovina u pripremi","l10n_hr.account_type_aktiva","016","   5. Nematerijalna imovina u pripremi","consolidation","FI-AOP:008","rrif_rdgbil_fiaop008","rrif_rdgbil_fiaop007"
"   6. Ostala nematerijalna imovina","l10n_hr.account_type_aktiva","014","   6. Ostala nematerijalna imovina","consolidation","FI-AOP:009","rrif_rdgbil_fiaop009","rrif_rdgbil_fiaop008"
"II. MATERIJALNA IMOVINA (011 do 019)","l10n_hr.account_type_aktiva",,"II. MATERIJALNA IMOVINA (011 do 019)","view","FI-AOP:010","rrif_rdgbil_fiaop010","rrif_rdgbil_fiaop002"
"    1. Zemljište","l10n_hr.account_type_aktiva","020,021","    1. Zemljište","consolidation","FI-AOP:011","rrif_rdgbil_fiaop011","rrif_rdgbil_fiaop010"
"    2. Građevinski objekti","l10n_hr.account_type_aktiva","023,024","    2. Građevinski objekti","consolidation","FI-AOP:012","rrif_rdgbil_fiaop012","rrif_rdgbil_fiaop010"
"    3. Postrojenja i oprema ","l10n_hr.account_type_aktiva","030,031","    3. Postrojenja i oprema ","consolidation","FI-AOP:013","rrif_rdgbil_fiaop013","rrif_rdgbil_fiaop010"
"    4. Alati, pogonski inventar i transportna imovina","l10n_hr.account_type_aktiva","032","    4. Alati, pogonski inventar i transportna imovina","consolidation","FI-AOP:014","rrif_rdgbil_fiaop014","rrif_rdgbil_fiaop010"
"    5. Biološka imovina","l10n_hr.account_type_aktiva","040,041","    5. Biološka imovina","consolidation","FI-AOP:015","rrif_rdgbil_fiaop015","rrif_rdgbil_fiaop010"
"    6. Predujmovi za materijalnu imovinu","l10n_hr.account_type_aktiva","026,036,046,056","    6. Predujmovi za materijalnu imovinu","consolidation","FI-AOP:016","rrif_rdgbil_fiaop016","rrif_rdgbil_fiaop010"
"    7. Materijalna imovina u pripremi","l10n_hr.account_type_aktiva","027,037,047,057","    7. Materijalna imovina u pripremi","consolidation","FI-AOP:017","rrif_rdgbil_fiaop017","rrif_rdgbil_fiaop010"
"    8. Ostala materijalna imovina","l10n_hr.account_type_aktiva","034","    8. Ostala materijalna imovina","consolidation","FI-AOP:018","rrif_rdgbil_fiaop018","rrif_rdgbil_fiaop010"
"    9. Ulaganje u nekretnine","l10n_hr.account_type_aktiva","050,051","    9. Ulaganje u nekretnine","consolidation","FI-AOP:019","rrif_rdgbil_fiaop019","rrif_rdgbil_fiaop010"
"III. DUGOTRAJNA FINANCIJSKA IMOVINA (021 do 027)","l10n_hr.account_type_aktiva",,"III. DUGOTRAJNA FINANCIJSKA IMOVINA (021 do 027)","view","FI-AOP:020","rrif_rdgbil_fiaop020","rrif_rdgbil_fiaop002"
"     1. Udjeli (dionice) kod povezanih poduzetnika","l10n_hr.account_type_aktiva","060","     1. Udjeli (dionice) kod povezanih poduzetnika","consolidation","FI-AOP:021","rrif_rdgbil_fiaop021","rrif_rdgbil_fiaop020"
"     2. Dani zajmovi povezanim poduzetnicima","l10n_hr.account_type_aktiva","061","     2. Dani zajmovi povezanim poduzetnicima","consolidation","FI-AOP:022","rrif_rdgbil_fiaop022","rrif_rdgbil_fiaop020"
"     3. Sudjelujući interesi (udjeli)","l10n_hr.account_type_aktiva","062","     3. Sudjelujući interesi (udjeli)","consolidation","FI-AOP:023","rrif_rdgbil_fiaop023","rrif_rdgbil_fiaop020"
"     4. Ulaganja u vrijednosne papire","l10n_hr.account_type_aktiva","063","     4. Ulaganja u vrijednosne papire","consolidation","FI-AOP:024","rrif_rdgbil_fiaop024","rrif_rdgbil_fiaop020"
"     5. Dani zajmovi, depoziti i sl. ","l10n_hr.account_type_aktiva","064,065","     5. Dani zajmovi, depoziti i sl. ","consolidation","FI-AOP:025","rrif_rdgbil_fiaop025","rrif_rdgbil_fiaop020"
"     6. Vlastite dionice i udjeli ","l10n_hr.account_type_aktiva","066","     6. Vlastite dionice i udjeli ","consolidation","FI-AOP:026","rrif_rdgbil_fiaop026","rrif_rdgbil_fiaop020"
"     7. Ostala dugotrajna financijska imovina ","l10n_hr.account_type_aktiva","067","     7. Ostala dugotrajna financijska imovina ","consolidation","FI-AOP:027","rrif_rdgbil_fiaop027","rrif_rdgbil_fiaop020"
"IV. POTRAŽIVANJA (029 do 031)","l10n_hr.account_type_aktiva",,"IV. POTRAŽIVANJA (029 do 031)","view","FI-AOP:028","rrif_rdgbil_fiaop028","rrif_rdgbil_fiaop002"
"     1. Potraživanja od povezanih poduzetnika","l10n_hr.account_type_aktiva","070","     1. Potraživanja od povezanih poduzetnika","consolidation","FI-AOP:029","rrif_rdgbil_fiaop029","rrif_rdgbil_fiaop028"
"     2. Potraživanja po osnovi prodaje na kredit","l10n_hr.account_type_aktiva","071","     2. Potraživanja po osnovi prodaje na kredit","consolidation","FI-AOP:030","rrif_rdgbil_fiaop030","rrif_rdgbil_fiaop028"
"     3. Ostala potraživanja","l10n_hr.account_type_aktiva","072,073,074,075,076","     3. Ostala potraživanja","consolidation","FI-AOP:031","rrif_rdgbil_fiaop031","rrif_rdgbil_fiaop028"
"V. ODGOĐENA POREZNA IMOVINA","l10n_hr.account_type_aktiva","080","V. ODGOĐENA POREZNA IMOVINA","consolidation","FI-AOP:032","rrif_rdgbil_fiaop032","rrif_rdgbil_fiaop002"
"C)  KRATKOTRAJNA IMOVINA (034+042+049+057)","l10n_hr.account_type_aktiva",,"C)  KRATKOTRAJNA IMOVINA (034+042+049+057)","view","FI-AOP:033","rrif_rdgbil_fiaop033","rrif_rdgbil_fiaop0ba"
"I. ZALIHE (035 do 041)","l10n_hr.account_type_aktiva",,"I. ZALIHE (035 do 041)","view","FI-AOP:034","rrif_rdgbil_fiaop034","rrif_rdgbil_fiaop033"
"   1. Sirovine i materijal","l10n_hr.account_type_aktiva","363,365,364,30,310,311,312,320,350,351,352,360,361,362,370,371,372,373,374","   1. Sirovine i materijal","consolidation","FI-AOP:035","rrif_rdgbil_fiaop035","rrif_rdgbil_fiaop034"
"   2. Proizvodnja u tijeku","l10n_hr.account_type_aktiva","60","   2. Proizvodnja u tijeku","consolidation","FI-AOP:036","rrif_rdgbil_fiaop036","rrif_rdgbil_fiaop034"
"   3. Nedovršeni proizvodi i poluproizvodi","l10n_hr.account_type_aktiva","62","   3. Nedovršeni proizvodi i poluproizvodi","consolidation","FI-AOP:037","rrif_rdgbil_fiaop037","rrif_rdgbil_fiaop034"
"   4. Gotovi proizvodi","l10n_hr.account_type_aktiva","63,640,641,642","   4. Gotovi proizvodi","consolidation","FI-AOP:038","rrif_rdgbil_fiaop038","rrif_rdgbil_fiaop034"
"   5. Trgovačka roba","l10n_hr.account_type_aktiva","667,65,660,661,662,663,664,665,666,680,681,682,683,684","   5. Trgovačka roba","consolidation","FI-AOP:039","rrif_rdgbil_fiaop039","rrif_rdgbil_fiaop034"
"   6. Predujmovi za zalihe","l10n_hr.account_type_aktiva","670,671,672,687","   6. Predujmovi za zalihe","consolidation","FI-AOP:040","rrif_rdgbil_fiaop040","rrif_rdgbil_fiaop034"
"   7. Ostala imovina namijenjena prodaji","l10n_hr.account_type_aktiva","690,691","   7. Ostala imovina namijenjena prodaji","consolidation","FI-AOP:041","rrif_rdgbil_fiaop041","rrif_rdgbil_fiaop034"
"II. POTRAŽIVANJA (043 do 048)","l10n_hr.account_type_aktiva",,"II. POTRAŽIVANJA (043 do 048)","view","FI-AOP:042","rrif_rdgbil_fiaop042","rrif_rdgbil_fiaop033"
"   1. Potraživanja od povezanih poduzetnika","l10n_hr.account_type_aktiva","122","   1. Potraživanja od povezanih poduzetnika","consolidation","FI-AOP:043","rrif_rdgbil_fiaop043","rrif_rdgbil_fiaop042"
"   2. Potraživanja od kupaca","l10n_hr.account_type_aktiva","120,121","   2. Potraživanja od kupaca","consolidation","FI-AOP:044","rrif_rdgbil_fiaop044","rrif_rdgbil_fiaop042"
"   3. Potraživanja od sudjelujućih poduzetnika ","l10n_hr.account_type_aktiva","123","   3. Potraživanja od sudjelujućih poduzetnika ","consolidation","FI-AOP:045","rrif_rdgbil_fiaop045","rrif_rdgbil_fiaop042"
"   4. Potraživanja od zaposlenika i članova poduzetnika","l10n_hr.account_type_aktiva","130,133","   4. Potraživanja od zaposlenika i članova poduzetnika","consolidation","FI-AOP:046","rrif_rdgbil_fiaop046","rrif_rdgbil_fiaop042"
"   5. Potraživanja od države i drugih institucija","l10n_hr.account_type_aktiva","14,15","   5. Potraživanja od države i drugih institucija","consolidation","FI-AOP:047","rrif_rdgbil_fiaop047","rrif_rdgbil_fiaop042"
"   6. Ostala potraživanja","l10n_hr.account_type_aktiva","124,125,126,127,128,134,135,136,137,138","   6. Ostala potraživanja","consolidation","FI-AOP:048","rrif_rdgbil_fiaop048","rrif_rdgbil_fiaop042"
"III. KRATKOTRAJNA FINANCIJSKA IMOVINA (050 do 056)","l10n_hr.account_type_aktiva",,"III. KRATKOTRAJNA FINANCIJSKA IMOVINA (050 do 056)","view","FI-AOP:049","rrif_rdgbil_fiaop049","rrif_rdgbil_fiaop033"
"     1. Udjeli (dionice) kod povezanih poduzetnika","l10n_hr.account_type_aktiva","110","     1. Udjeli (dionice) kod povezanih poduzetnika","consolidation","FI-AOP:050","rrif_rdgbil_fiaop050","rrif_rdgbil_fiaop049"
"     2. Dani zajmovi povezanim poduzetnicima","l10n_hr.account_type_aktiva","111","     2. Dani zajmovi povezanim poduzetnicima","consolidation","FI-AOP:051","rrif_rdgbil_fiaop051","rrif_rdgbil_fiaop049"
"     3. Sudjelujući interesi (udjeli) ","l10n_hr.account_type_aktiva","112","     3. Sudjelujući interesi (udjeli) ","consolidation","FI-AOP:052","rrif_rdgbil_fiaop052","rrif_rdgbil_fiaop049"
"     4. Ulaganja u vrijednosne papire","l10n_hr.account_type_aktiva","113","     4. Ulaganja u vrijednosne papire","consolidation","FI-AOP:053","rrif_rdgbil_fiaop053","rrif_rdgbil_fiaop049"
"     5. Dani zajmovi, depoziti i slično","l10n_hr.account_type_aktiva","114","     5. Dani zajmovi, depoziti i slično","consolidation","FI-AOP:054","rrif_rdgbil_fiaop054","rrif_rdgbil_fiaop049"
"     6. Vlastite dionice i udjeli ","l10n_hr.account_type_aktiva","115","     6. Vlastite dionice i udjeli ","consolidation","FI-AOP:055","rrif_rdgbil_fiaop055","rrif_rdgbil_fiaop049"
"     7. Ostala financijska imovina ","l10n_hr.account_type_aktiva","116,117,118","     7. Ostala financijska imovina ","consolidation","FI-AOP:056","rrif_rdgbil_fiaop056","rrif_rdgbil_fiaop049"
"IV. NOVAC U BANCI I BLAGAJNI","l10n_hr.account_type_aktiva","100,101,102,103,104,105,106,108","IV. NOVAC U BANCI I BLAGAJNI","consolidation","FI-AOP:057","rrif_rdgbil_fiaop057","rrif_rdgbil_fiaop033"
"D)  PLAĆENI TROŠKOVI BUDUĆEG RAZDOBLJA I OBRAČUNATI PRIHODI","l10n_hr.account_type_aktiva","19","D)  PLAĆENI TROŠKOVI BUDUĆEG RAZDOBLJA I OBRAČUNATI PRIHODI","consolidation","FI-AOP:058","rrif_rdgbil_fiaop058","rrif_rdgbil_fiaop0ba"
"E)  GUBITAK IZNAD KAPITALA","l10n_hr.account_type_aktiva","941700","E)  GUBITAK IZNAD KAPITALA","consolidation","FI-AOP:059","rrif_rdgbil_fiaop059","rrif_rdgbil_fiaop0ba"
"F)  UKUPNO AKTIVA (001+002+033+058+059)","l10n_hr.account_type_aktiva",,"F)  UKUPNO AKTIVA (001+002+033+058+059)","view","FI-AOP:060","rrif_rdgbil_fiaop060","rrif_rdgbil_fiaop0ba"
"G)  IZVANBILANČNI ZAPISI","l10n_hr.account_type_aktiva","990,991,992,993,994","G)  IZVANBILANČNI ZAPISI","consolidation","FI-AOP:061","rrif_rdgbil_fiaop061","rrif_rdgbil_fiaop0ba"
"KAPITAL I REZERVE","l10n_hr.account_type_pasiva",,"KAPITAL I REZERVE","view","FI-AOP:0BK","rrif_rdgbil_fiaop0bk","rrif_rdgbil_fiaop00b"
"1. Pripisano imateljima kapitala matice","l10n_hr.account_type_pasiva",,"1. Pripisano imateljima kapitala matice","consolidation","FI-AOP:105","rrif_rdgbil_fiaop105","rrif_rdgbil_fiaop0bk"
"2. Pripisano manjinskom interesu","l10n_hr.account_type_pasiva",,"2. Pripisano manjinskom interesu","consolidation","FI-AOP:106","rrif_rdgbil_fiaop106","rrif_rdgbil_fiaop0bk"
"PASIVA","l10n_hr.account_type_view",,"PASIVA","view","FI-AOP:0BP","rrif_rdgbil_fiaop0bp","rrif_rdgbil_fiaop00b"
"A)  KAPITAL I REZERVE (063+064+065+071+072-073+074-075+076)","l10n_hr.account_type_view",,"A)  KAPITAL I REZERVE (063+064+065+071+072-073+074-075+076)","view","FI-AOP:062","rrif_rdgbil_fiaop062","rrif_rdgbil_fiaop0bp"
"I. TEMELJNI (UPISANI) KAPITAL","l10n_hr.account_type_pasiva","90","I. TEMELJNI (UPISANI) KAPITAL","consolidation","FI-AOP:063","rrif_rdgbil_fiaop063","rrif_rdgbil_fiaop062"
"II. KAPITALNE REZERVE","l10n_hr.account_type_pasiva","91","II. KAPITALNE REZERVE","consolidation","FI-AOP:064","rrif_rdgbil_fiaop064","rrif_rdgbil_fiaop062"
"III. REZERVE IZ DOBITI (066+067-068+069+070)","l10n_hr.account_type_pasiva",,"III. REZERVE IZ DOBITI (066+067-068+069+070)","view","FI-AOP:065","rrif_rdgbil_fiaop065","rrif_rdgbil_fiaop062"
"1. Zakonske rezerve","l10n_hr.account_type_pasiva","920","1. Zakonske rezerve","consolidation","FI-AOP:066","rrif_rdgbil_fiaop066","rrif_rdgbil_fiaop065"
"2. Rezerve za vlastite dionice","l10n_hr.account_type_pasiva","921","2. Rezerve za vlastite dionice","consolidation","FI-AOP:067","rrif_rdgbil_fiaop067","rrif_rdgbil_fiaop065"
"3. Vlastite dionice i udjeli (odbitna stavka)","l10n_hr.account_type_pasiva","922","3. Vlastite dionice i udjeli (odbitna stavka)","consolidation","FI-AOP:068","rrif_rdgbil_fiaop068","rrif_rdgbil_fiaop065"
"4. Statutarne rezerve","l10n_hr.account_type_pasiva","923","4. Statutarne rezerve","consolidation","FI-AOP:069","rrif_rdgbil_fiaop069","rrif_rdgbil_fiaop065"
"5. Ostale rezerve","l10n_hr.account_type_pasiva","924","5. Ostale rezerve","consolidation","FI-AOP:070","rrif_rdgbil_fiaop070","rrif_rdgbil_fiaop065"
"IV. REVALORIZACIJSKE REZERVE","l10n_hr.account_type_pasiva","93","IV. REVALORIZACIJSKE REZERVE","consolidation","FI-AOP:071","rrif_rdgbil_fiaop071","rrif_rdgbil_fiaop062"
"V. ZADRŽANA DOBIT","l10n_hr.account_type_pasiva","940","V. ZADRŽANA DOBIT","consolidation","FI-AOP:072","rrif_rdgbil_fiaop072","rrif_rdgbil_fiaop062"
"VI. PRENESENI GUBITAK","l10n_hr.account_type_pasiva","941","VI. PRENESENI GUBITAK","consolidation","FI-AOP:073","rrif_rdgbil_fiaop073","rrif_rdgbil_fiaop062"
"VII. DOBIT POSLOVNE GODINE","l10n_hr.account_type_pasiva","950","VII. DOBIT POSLOVNE GODINE","consolidation","FI-AOP:074","rrif_rdgbil_fiaop074","rrif_rdgbil_fiaop062"
"VIII. GUBITAK POSLOVNE GODINE","l10n_hr.account_type_pasiva","951","VIII. GUBITAK POSLOVNE GODINE","consolidation","FI-AOP:075","rrif_rdgbil_fiaop075","rrif_rdgbil_fiaop062"
"IX. MANJINSKI INTERES","l10n_hr.account_type_pasiva","960","IX. MANJINSKI INTERES","consolidation","FI-AOP:076","rrif_rdgbil_fiaop076","rrif_rdgbil_fiaop062"
"B)  REZERVIRANJA (078 do 080)","l10n_hr.account_type_pasiva",,"B)  REZERVIRANJA (078 do 080)","view","FI-AOP:077","rrif_rdgbil_fiaop077","rrif_rdgbil_fiaop0bp"
"     1. Rezerviranja za mirovine, otpremnine i slične obveze","l10n_hr.account_type_pasiva","280","     1. Rezerviranja za mirovine, otpremnine i slične obveze","consolidation","FI-AOP:078","rrif_rdgbil_fiaop078","rrif_rdgbil_fiaop077"
"     2. Rezerviranja za porezne obveze","l10n_hr.account_type_pasiva","281","     2. Rezerviranja za porezne obveze","consolidation","FI-AOP:079","rrif_rdgbil_fiaop079","rrif_rdgbil_fiaop077"
"     3. Druga rezerviranja","l10n_hr.account_type_pasiva","282","     3. Druga rezerviranja","consolidation","FI-AOP:080","rrif_rdgbil_fiaop080","rrif_rdgbil_fiaop077"
"C)  DUGOROČNE OBVEZE (082 do 089)","l10n_hr.account_type_pasiva",,"C)  DUGOROČNE OBVEZE (082 do 089)","view","FI-AOP:081","rrif_rdgbil_fiaop081","rrif_rdgbil_fiaop0bp"
"     1. Obveze prema povezanim poduzetnicima","l10n_hr.account_type_pasiva","250","     1. Obveze prema povezanim poduzetnicima","consolidation","FI-AOP:082","rrif_rdgbil_fiaop082","rrif_rdgbil_fiaop081"
"     2. Obveze za zajmove, depozite i slično","l10n_hr.account_type_pasiva","251","     2. Obveze za zajmove, depozite i slično","consolidation","FI-AOP:083","rrif_rdgbil_fiaop083","rrif_rdgbil_fiaop081"
"     3. Obveze prema bankama i drugim financijskim institucijama","l10n_hr.account_type_pasiva","252","     3. Obveze prema bankama i drugim financijskim institucijama","consolidation","FI-AOP:084","rrif_rdgbil_fiaop084","rrif_rdgbil_fiaop081"
"     4. Obveze za predujmove","l10n_hr.account_type_pasiva","254","     4. Obveze za predujmove","consolidation","FI-AOP:085","rrif_rdgbil_fiaop085","rrif_rdgbil_fiaop081"
"     5. Obveze prema dobavljačima","l10n_hr.account_type_pasiva","255","     5. Obveze prema dobavljačima","consolidation","FI-AOP:086","rrif_rdgbil_fiaop086","rrif_rdgbil_fiaop081"
"     6. Obveze po vrijednosnim papirima","l10n_hr.account_type_pasiva","256","     6. Obveze po vrijednosnim papirima","consolidation","FI-AOP:087","rrif_rdgbil_fiaop087","rrif_rdgbil_fiaop081"
"     7. Ostale dugoročne obveze","l10n_hr.account_type_pasiva","257,258","     7. Ostale dugoročne obveze","consolidation","FI-AOP:088","rrif_rdgbil_fiaop088","rrif_rdgbil_fiaop081"
"     8. Odgođena porezna obveza","l10n_hr.account_type_pasiva","26","     8. Odgođena porezna obveza","consolidation","FI-AOP:089","rrif_rdgbil_fiaop089","rrif_rdgbil_fiaop081"
"D)  KRATKOROČNE OBVEZE (091 do 101)","l10n_hr.account_type_pasiva",,"D)  KRATKOROČNE OBVEZE (091 do 101)","view","FI-AOP:090","rrif_rdgbil_fiaop090","rrif_rdgbil_fiaop0bp"
"     1. Obveze prema povezanim poduzetnicima","l10n_hr.account_type_pasiva","200","     1. Obveze prema povezanim poduzetnicima","consolidation","FI-AOP:091","rrif_rdgbil_fiaop091","rrif_rdgbil_fiaop090"
"     2. Obveze za zajmove, depozite i slično","l10n_hr.account_type_pasiva","214","     2. Obveze za zajmove, depozite i slično","consolidation","FI-AOP:092","rrif_rdgbil_fiaop092","rrif_rdgbil_fiaop090"
"     3. Obveze prema bankama i drugim financijskim institucijama","l10n_hr.account_type_pasiva","215,216,217","     3. Obveze prema bankama i drugim financijskim institucijama","consolidation","FI-AOP:093","rrif_rdgbil_fiaop093","rrif_rdgbil_fiaop090"
"     4. Obveze za predujmove","l10n_hr.account_type_pasiva","225","     4. Obveze za predujmove","consolidation","FI-AOP:094","rrif_rdgbil_fiaop094","rrif_rdgbil_fiaop090"
"     5. Obveze prema dobavljačima","l10n_hr.account_type_pasiva","222,220,221,223,224","     5. Obveze prema dobavljačima","consolidation","FI-AOP:095","rrif_rdgbil_fiaop095","rrif_rdgbil_fiaop090"
"     6. Obveze po vrijednosnim papirima","l10n_hr.account_type_pasiva","210,211,212","     6. Obveze po vrijednosnim papirima","consolidation","FI-AOP:096","rrif_rdgbil_fiaop096","rrif_rdgbil_fiaop090"
"     7. Obveze prema zaposlenicima","l10n_hr.account_type_pasiva","230","     7. Obveze prema zaposlenicima","consolidation","FI-AOP:097","rrif_rdgbil_fiaop097","rrif_rdgbil_fiaop090"
"     8. Obveze za poreze, doprinose i slična davanja","l10n_hr.account_type_pasiva","24","     8. Obveze za poreze, doprinose i slična davanja","consolidation","FI-AOP:098","rrif_rdgbil_fiaop098","rrif_rdgbil_fiaop090"
"     9. Obveze s osnove udjela u rezultatu","l10n_hr.account_type_pasiva","201","     9. Obveze s osnove udjela u rezultatu","consolidation","FI-AOP:099","rrif_rdgbil_fiaop099","rrif_rdgbil_fiaop090"
"   10. Obveze po osnovi dugotrajne imovine namijenjene prodaji","l10n_hr.account_type_pasiva","218","   10. Obveze po osnovi dugotrajne imovine namijenjene prodaji","consolidation","FI-AOP:100","rrif_rdgbil_fiaop100","rrif_rdgbil_fiaop090"
"   11. Ostale kratkoročne obveze","l10n_hr.account_type_pasiva","231,232,233,234,235,236,237,238,239","   11. Ostale kratkoročne obveze","consolidation","FI-AOP:101","rrif_rdgbil_fiaop101","rrif_rdgbil_fiaop090"
"E) ODGOĐENO PLAĆANJE TROŠKOVA I PRIHOD BUDUĆEGA RAZDOBLJA","l10n_hr.account_type_pasiva","29","E) ODGOĐENO PLAĆANJE TROŠKOVA I PRIHOD BUDUĆEGA RAZDOBLJA","consolidation","FI-AOP:102","rrif_rdgbil_fiaop102","rrif_rdgbil_fiaop0bp"
"F) UKUPNO – PASIVA (062+077+081+090+102)","l10n_hr.account_type_pasiva",,"F) UKUPNO – PASIVA (062+077+081+090+102)","view","FI-AOP:103","rrif_rdgbil_fiaop103","rrif_rdgbil_fiaop0bp"
"G)  IZVANBILANČNI ZAPISI","l10n_hr.account_type_pasiva","996,995,997,998,999","G)  IZVANBILANČNI ZAPISI","consolidation","FI-AOP:104","rrif_rdgbil_fiaop104","rrif_rdgbil_fiaop0bp"
"RAČUN DOBITI I GUBITKA","l10n_hr.account_type_view",,"RAČUN DOBITI I GUBITKA","view","FI-AOP:00R","rrif_rdgbil_fiaop00r",
"DODATAK RDG-u (popunjava poduzetnik koji sastavlja konsolidirani godišnji financijski izvještaj)","l10n_hr.account_type_view",,"DODATAK RDG-u (popunjava poduzetnik koji sastavlja konsolidirani godišnji financijski izvještaj)","view","FI-AOP:0RD","rrif_rdgbil_fiaop0rd","rrif_rdgbil_fiaop00r"
"XIV.*  DOBIT PRIPISANA IMATELJIMA KAPITALA MATICE","l10n_hr.account_type_view",,"XIV.*  DOBIT PRIPISANA IMATELJIMA KAPITALA MATICE","consolidation","FI-AOP:149","rrif_rdgbil_fiaop149","rrif_rdgbil_fiaop0rd"
"XV.*   DOBIT PRIPISANA MANJINSKOM INTERESU","l10n_hr.account_type_view",,"XV.*   DOBIT PRIPISANA MANJINSKOM INTERESU","consolidation","FI-AOP:150","rrif_rdgbil_fiaop150","rrif_rdgbil_fiaop0rd"
"XVI.*  GUBITAK PRIPISAN IMATELJIMA KAPITALA MATICE","l10n_hr.account_type_view",,"XVI.*  GUBITAK PRIPISAN IMATELJIMA KAPITALA MATICE","consolidation","FI-AOP:151","rrif_rdgbil_fiaop151","rrif_rdgbil_fiaop0rd"
"XVII.* GUBITAK PRIPISAN MANJINSKOM INTERESU","l10n_hr.account_type_view",,"XVII.* GUBITAK PRIPISAN MANJINSKOM INTERESU","consolidation","FI-AOP:152","rrif_rdgbil_fiaop152","rrif_rdgbil_fiaop0rd"
"I. POSLOVNI PRIHODI (108 do 110)","l10n_hr.account_type_prihod",,"I. POSLOVNI PRIHODI (108 do 110)","view","FI-AOP:107","rrif_rdgbil_fiaop107","rrif_rdgbil_fiaop00r"
"   1. Prihodi od prodaje","l10n_hr.account_type_prihod","751,750,752,753,754,756,757,758,759,760,761,762,763,764,766,767,768,769","   1. Prihodi od prodaje","consolidation","FI-AOP:108","rrif_rdgbil_fiaop108","rrif_rdgbil_fiaop107"
"   2. Prihodi na temelju upotrebe vlastitih proizvoda, robe i usluga","l10n_hr.account_type_prihod","755,765","   2. Prihodi na temelju upotrebe vlastitih proizvoda, robe i usluga","consolidation","FI-AOP:109","rrif_rdgbil_fiaop109","rrif_rdgbil_fiaop107"
"   3. Ostali poslovni prihodi","l10n_hr.account_type_prihod","780,781,782,783,784,785,786,787","   3. Ostali poslovni prihodi","consolidation","FI-AOP:110","rrif_rdgbil_fiaop110","rrif_rdgbil_fiaop107"
"II. POSLOVNI RASHODI (112-113+114+118+122+123+124+127+128)","l10n_hr.account_type_rashod",,"II. POSLOVNI RASHODI (112-113+114+118+122+123+124+127+128)","view","FI-AOP:111","rrif_rdgbil_fiaop111","rrif_rdgbil_fiaop00r"
"    1. Smanjenje vrijednosti zaliha nedovršene proizvodnje
         i gotovih proizvoda","l10n_hr.account_type_rashod",,"    1. Smanjenje vrijednosti zaliha nedovršene proizvodnje
         i gotovih proizvoda","consolidation","FI-AOP:112","rrif_rdgbil_fiaop112","rrif_rdgbil_fiaop111"
"    2. Povećanje vrijednosti zaliha nedovršene proizvodnje
         i gotovih proizvoda","l10n_hr.account_type_rashod",,"    2. Povećanje vrijednosti zaliha nedovršene proizvodnje
         i gotovih proizvoda","consolidation","FI-AOP:113","rrif_rdgbil_fiaop113","rrif_rdgbil_fiaop111"
"    3. Materijalni troškovi (115 do 117)","l10n_hr.account_type_rashod",,"    3. Materijalni troškovi (115 do 117)","view","FI-AOP:114","rrif_rdgbil_fiaop114","rrif_rdgbil_fiaop111"
"        a) Troškovi sirovina i materijala","l10n_hr.account_type_rashod","400,401,402,403,404,405,406,407,408,700,701,702,703","        a) Troškovi sirovina i materijala","consolidation","FI-AOP:115","rrif_rdgbil_fiaop115","rrif_rdgbil_fiaop114"
"        b) Troškovi prodane robe","l10n_hr.account_type_rashod","710,711,712,713,714,715","        b) Troškovi prodane robe","consolidation","FI-AOP:116","rrif_rdgbil_fiaop116","rrif_rdgbil_fiaop114"
"        c) Ostali vanjski troškovi","l10n_hr.account_type_rashod","41","        c) Ostali vanjski troškovi","consolidation","FI-AOP:117","rrif_rdgbil_fiaop117","rrif_rdgbil_fiaop114"
"   4. Troškovi osoblja (119 do 121)","l10n_hr.account_type_rashod",,"   4. Troškovi osoblja (119 do 121)","view","FI-AOP:118","rrif_rdgbil_fiaop118","rrif_rdgbil_fiaop111"
"        a) Neto plaće i nadnice","l10n_hr.account_type_rashod","420","        a) Neto plaće i nadnice","consolidation","FI-AOP:119","rrif_rdgbil_fiaop119","rrif_rdgbil_fiaop118"
"        b) Troškovi poreza i doprinosa iz plaća","l10n_hr.account_type_rashod","421,422","        b) Troškovi poreza i doprinosa iz plaća","consolidation","FI-AOP:120","rrif_rdgbil_fiaop120","rrif_rdgbil_fiaop118"
"        c) Doprinosi na plaće","l10n_hr.account_type_rashod","423","        c) Doprinosi na plaće","consolidation","FI-AOP:121","rrif_rdgbil_fiaop121","rrif_rdgbil_fiaop118"
"   5. Amortizacija","l10n_hr.account_type_rashod","43","   5. Amortizacija","consolidation","FI-AOP:122","rrif_rdgbil_fiaop122","rrif_rdgbil_fiaop111"
"   6. Ostali troškovi","l10n_hr.account_type_rashod","46,704,705,706,707","   6. Ostali troškovi","consolidation","FI-AOP:123","rrif_rdgbil_fiaop123","rrif_rdgbil_fiaop111"
"   7. Vrijednosno usklađivanje (125+126)","l10n_hr.account_type_rashod",,"   7. Vrijednosno usklađivanje (125+126)","view","FI-AOP:124","rrif_rdgbil_fiaop124","rrif_rdgbil_fiaop111"
"       a) dugotrajne imovine (osim financijske imovine)","l10n_hr.account_type_rashod","440,441","       a) dugotrajne imovine (osim financijske imovine)","consolidation","FI-AOP:125","rrif_rdgbil_fiaop125","rrif_rdgbil_fiaop124"
"       b) kratkotrajne imovine (osim financijske imovine)","l10n_hr.account_type_rashod","442,444,4450,708,718","       b) kratkotrajne imovine (osim financijske imovine)","consolidation","FI-AOP:126","rrif_rdgbil_fiaop126","rrif_rdgbil_fiaop124"
"   8. Rezerviranja","l10n_hr.account_type_rashod","45","   8. Rezerviranja","consolidation","FI-AOP:127","rrif_rdgbil_fiaop127","rrif_rdgbil_fiaop111"
"   9. Ostali poslovni rashodi","l10n_hr.account_type_rashod","48","   9. Ostali poslovni rashodi","consolidation","FI-AOP:128","rrif_rdgbil_fiaop128","rrif_rdgbil_fiaop111"
"III. FINANCIJSKI PRIHODI (130 do 134)","l10n_hr.account_type_view",,"III. FINANCIJSKI PRIHODI (130 do 134)","view","FI-AOP:129","rrif_rdgbil_fiaop129","rrif_rdgbil_fiaop00r"
"     1. Kamate, tečajne razlike, dividende i slični prihodi iz odnosa
         s povezanim poduzetnicima","l10n_hr.account_type_prihod","770","     1. Kamate, tečajne razlike, dividende i slični prihodi iz odnosa
         s povezanim poduzetnicima","consolidation","FI-AOP:130","rrif_rdgbil_fiaop130","rrif_rdgbil_fiaop129"
"     2. Kamate, tečajne razlike, dividende, slični prihodi iz odnosa s
          nepovezanim poduzetnicima i drugim osobama","l10n_hr.account_type_prihod","771,772,773,774","     2. Kamate, tečajne razlike, dividende, slični prihodi iz odnosa s
          nepovezanim poduzetnicima i drugim osobama","consolidation","FI-AOP:131","rrif_rdgbil_fiaop131","rrif_rdgbil_fiaop129"
"     3. Dio prihoda od pridruženih poduzetnika i sudjelujućih interesa","l10n_hr.account_type_prihod","775","     3. Dio prihoda od pridruženih poduzetnika i sudjelujućih interesa","consolidation","FI-AOP:132","rrif_rdgbil_fiaop132","rrif_rdgbil_fiaop129"
"     4. Nerealizirani dobici (prihodi)","l10n_hr.account_type_prihod","776","     4. Nerealizirani dobici (prihodi)","consolidation","FI-AOP:133","rrif_rdgbil_fiaop133","rrif_rdgbil_fiaop129"
"     5. Ostali financijski prihodi","l10n_hr.account_type_prihod","778,777","     5. Ostali financijski prihodi","consolidation","FI-AOP:134","rrif_rdgbil_fiaop134","rrif_rdgbil_fiaop129"
"IV. FINANCIJSKI RASHODI (136 do 139)","l10n_hr.account_type_rashod",,"IV. FINANCIJSKI RASHODI (136 do 139)","view","FI-AOP:135","rrif_rdgbil_fiaop135","rrif_rdgbil_fiaop00r"
"    1. Kamate, tečajne razlike i drugi rashodi s povezanim poduzetnicima","l10n_hr.account_type_rashod","470,471,472","    1. Kamate, tečajne razlike i drugi rashodi s povezanim poduzetnicima","consolidation","FI-AOP:136","rrif_rdgbil_fiaop136","rrif_rdgbil_fiaop135"
"    2. Kamate, tečajne razlike i drugi rashodi iz odnosa s nepovezanim
        poduzetnicima i drugim osobama","l10n_hr.account_type_rashod","473,474,475,476,477","    2. Kamate, tečajne razlike i drugi rashodi iz odnosa s nepovezanim
        poduzetnicima i drugim osobama","consolidation","FI-AOP:137","rrif_rdgbil_fiaop137","rrif_rdgbil_fiaop135"
"    3. Nerealizirani gubici (rashodi) financijske imovine","l10n_hr.account_type_rashod","478","    3. Nerealizirani gubici (rashodi) financijske imovine","consolidation","FI-AOP:138","rrif_rdgbil_fiaop138","rrif_rdgbil_fiaop135"
"    4. Ostali financijski rashodi","l10n_hr.account_type_rashod","479","    4. Ostali financijski rashodi","consolidation","FI-AOP:139","rrif_rdgbil_fiaop139","rrif_rdgbil_fiaop135"
"V.    IZVANREDNI - OSTALI PRIHODI","l10n_hr.account_type_view","788,789","V.    IZVANREDNI - OSTALI PRIHODI","consolidation","FI-AOP:140","rrif_rdgbil_fiaop140","rrif_rdgbil_fiaop00r"
"VI.   IZVANREDNI - OSTALI RASHODI","l10n_hr.account_type_view","73","VI.   IZVANREDNI - OSTALI RASHODI","consolidation","FI-AOP:141","rrif_rdgbil_fiaop141","rrif_rdgbil_fiaop00r"
"VII.  UKUPNI PRIHODI (107+129+140)","l10n_hr.account_type_view",,"VII.  UKUPNI PRIHODI (107+129+140)","view","FI-AOP:142","rrif_rdgbil_fiaop142","rrif_rdgbil_fiaop00r"
"VIII. UKUPNI RASHODI (111+135+141)","l10n_hr.account_type_view",,"VIII. UKUPNI RASHODI (111+135+141)","view","FI-AOP:143","rrif_rdgbil_fiaop143","rrif_rdgbil_fiaop00r"
"IX.   DOBIT PRIJE OPOREZIVANJA (142-143)","l10n_hr.account_type_view","800","IX.   DOBIT PRIJE OPOREZIVANJA (142-143)","consolidation","FI-AOP:144","rrif_rdgbil_fiaop144","rrif_rdgbil_fiaop00r"
"X.    GUBITAK PRIJE OPOREZIVANJA (143-142)","l10n_hr.account_type_view","801","X.    GUBITAK PRIJE OPOREZIVANJA (143-142)","consolidation","FI-AOP:145","rrif_rdgbil_fiaop145","rrif_rdgbil_fiaop00r"
"XI.   POREZ NA DOBIT","l10n_hr.account_type_view","803","XI.   POREZ NA DOBIT","consolidation","FI-AOP:146","rrif_rdgbil_fiaop146","rrif_rdgbil_fiaop00r"
"XII.  DOBIT RAZDOBLJA (144-146)","l10n_hr.account_type_view","8040","XII.  DOBIT RAZDOBLJA (144-146)","consolidation","FI-AOP:147","rrif_rdgbil_fiaop147","rrif_rdgbil_fiaop00r"
"XIII. GUBITAK RAZDOBLJA (145+146) ili (146-144)","l10n_hr.account_type_view","8041","XIII. GUBITAK RAZDOBLJA (145+146) ili (146-144)","consolidation","FI-AOP:148","rrif_rdgbil_fiaop148","rrif_rdgbil_fiaop00r"
"DODATNI PODACI","l10n_hr.account_type_view",,"DODATNI PODACI","view","FI-AOP:0DP","rrif_rdgbil_fiaop0dp",
"BILANCA AKTIVA","l10n_hr.account_type_aktiva",,"BILANCA AKTIVA","view","FI-AOP:DBA","rrif_rdgbil_fiaopdba","rrif_rdgbil_fiaop0dp"
"Kontrolni zbroj (153 do 168)","l10n_hr.account_type_aktiva",,"Kontrolni zbroj (153 do 168)","view","FI-AOP:169","rrif_rdgbil_fiaop169","rrif_rdgbil_fiaopdba"
"    1. Izdaci za razvoj - bruto","l10n_hr.account_type_aktiva",,"    1. Izdaci za razvoj - bruto","consolidation","FI-AOP:153","rrif_rdgbil_fiaop153","rrif_rdgbil_fiaop169"
"    2. Koncesije, patenti, licencije, robne i uslužne marke, softver i ostala prava - bruto","l10n_hr.account_type_aktiva",,"    2. Koncesije, patenti, licencije, robne i uslužne marke, softver i ostala prava - bruto","consolidation","FI-AOP:154","rrif_rdgbil_fiaop154","rrif_rdgbil_fiaop169"
"    3. Goodwill – bruto","l10n_hr.account_type_aktiva",,"    3. Goodwill – bruto","consolidation","FI-AOP:155","rrif_rdgbil_fiaop155","rrif_rdgbil_fiaop169"
"    4. Predujmovi za nabavu nematerijalne imovine - bruto","l10n_hr.account_type_aktiva",,"    4. Predujmovi za nabavu nematerijalne imovine - bruto","consolidation","FI-AOP:156","rrif_rdgbil_fiaop156","rrif_rdgbil_fiaop169"
"    5. Nematerijalna imovina u pripremi - bruto","l10n_hr.account_type_aktiva",,"    5. Nematerijalna imovina u pripremi - bruto","consolidation","FI-AOP:157","rrif_rdgbil_fiaop157","rrif_rdgbil_fiaop169"
"    6. Ostala nematerijalna imovina - bruto","l10n_hr.account_type_aktiva",,"    6. Ostala nematerijalna imovina - bruto","consolidation","FI-AOP:158","rrif_rdgbil_fiaop158","rrif_rdgbil_fiaop169"
"    7. Zemljište – bruto","l10n_hr.account_type_aktiva",,"    7. Zemljište – bruto","consolidation","FI-AOP:159","rrif_rdgbil_fiaop159","rrif_rdgbil_fiaop169"
"    8. Građevinski objekti - bruto","l10n_hr.account_type_aktiva",,"    8. Građevinski objekti - bruto","consolidation","FI-AOP:160","rrif_rdgbil_fiaop160","rrif_rdgbil_fiaop169"
"    9. Postrojenja i oprema - bruto","l10n_hr.account_type_aktiva",,"    9. Postrojenja i oprema - bruto","consolidation","FI-AOP:161","rrif_rdgbil_fiaop161","rrif_rdgbil_fiaop169"
" 10. Alati, pogonski inventar i transportna imovina - bruto","l10n_hr.account_type_aktiva",," 10. Alati, pogonski inventar i transportna imovina - bruto","consolidation","FI-AOP:162","rrif_rdgbil_fiaop162","rrif_rdgbil_fiaop169"
" 11. Biološka imovina - bruto","l10n_hr.account_type_aktiva",," 11. Biološka imovina - bruto","consolidation","FI-AOP:163","rrif_rdgbil_fiaop163","rrif_rdgbil_fiaop169"
" 12. Predujmovi za materijalnu imovinu - bruto","l10n_hr.account_type_aktiva",," 12. Predujmovi za materijalnu imovinu - bruto","consolidation","FI-AOP:164","rrif_rdgbil_fiaop164","rrif_rdgbil_fiaop169"
" 13. Materijalna imovina u pripremi - bruto","l10n_hr.account_type_aktiva",," 13. Materijalna imovina u pripremi - bruto","consolidation","FI-AOP:165","rrif_rdgbil_fiaop165","rrif_rdgbil_fiaop169"
" 14. Ostala materijalna imovina - bruto","l10n_hr.account_type_aktiva",," 14. Ostala materijalna imovina - bruto","consolidation","FI-AOP:166","rrif_rdgbil_fiaop166","rrif_rdgbil_fiaop169"
" 15. Ulaganje u nekretnine - bruto","l10n_hr.account_type_aktiva",," 15. Ulaganje u nekretnine - bruto","consolidation","FI-AOP:167","rrif_rdgbil_fiaop167","rrif_rdgbil_fiaop169"
" 16. Zalihe energetskih proizvoda (ugljen, nafta, derivati, plin i dr.) - bruto","l10n_hr.account_type_aktiva",," 16. Zalihe energetskih proizvoda (ugljen, nafta, derivati, plin i dr.) - bruto","consolidation","FI-AOP:168","rrif_rdgbil_fiaop168","rrif_rdgbil_fiaop169"
"Kontrolni zbroj (170 do 187)","l10n_hr.account_type_aktiva",,"Kontrolni zbroj (170 do 187)","view","FI-AOP:188","rrif_rdgbil_fiaop188","rrif_rdgbil_fiaopdba"
" 16a. Softver – bruto","l10n_hr.account_type_aktiva",," 16a. Softver – bruto","consolidation","FI-AOP:170","rrif_rdgbil_fiaop170","rrif_rdgbil_fiaop188"
" 16b. Softver – neto","l10n_hr.account_type_aktiva",," 16b. Softver – neto","consolidation","FI-AOP:171","rrif_rdgbil_fiaop171","rrif_rdgbil_fiaop188"
" 17a. Nestambene zgrade - bruto","l10n_hr.account_type_aktiva",," 17a. Nestambene zgrade - bruto","consolidation","FI-AOP:172","rrif_rdgbil_fiaop172","rrif_rdgbil_fiaop188"
" 17b. Nestambene zgrade - neto","l10n_hr.account_type_aktiva",," 17b. Nestambene zgrade - neto","consolidation","FI-AOP:173","rrif_rdgbil_fiaop173","rrif_rdgbil_fiaop188"
" 18a. Stambene zgrade i stanovi – bruto","l10n_hr.account_type_aktiva",," 18a. Stambene zgrade i stanovi – bruto","consolidation","FI-AOP:174","rrif_rdgbil_fiaop174","rrif_rdgbil_fiaop188"
" 18b. Stambene zgrade i stanovi – neto","l10n_hr.account_type_aktiva",," 18b. Stambene zgrade i stanovi – neto","consolidation","FI-AOP:175","rrif_rdgbil_fiaop175","rrif_rdgbil_fiaop188"
" 19a. Ostali građevinski objekti - bruto","l10n_hr.account_type_aktiva",," 19a. Ostali građevinski objekti - bruto","consolidation","FI-AOP:176","rrif_rdgbil_fiaop176","rrif_rdgbil_fiaop188"
" 19b. Ostali građevinski objekti - neto","l10n_hr.account_type_aktiva",," 19b. Ostali građevinski objekti - neto","consolidation","FI-AOP:177","rrif_rdgbil_fiaop177","rrif_rdgbil_fiaop188"
" 20a. Prijevozna sredstva - bruto","l10n_hr.account_type_aktiva",," 20a. Prijevozna sredstva - bruto","consolidation","FI-AOP:178","rrif_rdgbil_fiaop178","rrif_rdgbil_fiaop188"
" 20b. Prijevozna sredstva - neto","l10n_hr.account_type_aktiva",," 20b. Prijevozna sredstva - neto","consolidation","FI-AOP:179","rrif_rdgbil_fiaop179","rrif_rdgbil_fiaop188"
" 21a. Ulaganja u višegodišnje nasade - bruto","l10n_hr.account_type_aktiva",," 21a. Ulaganja u višegodišnje nasade - bruto","consolidation","FI-AOP:180","rrif_rdgbil_fiaop180","rrif_rdgbil_fiaop188"
" 21b. Ulaganja u višegodišnje nasade - neto","l10n_hr.account_type_aktiva",," 21b. Ulaganja u višegodišnje nasade - neto","consolidation","FI-AOP:181","rrif_rdgbil_fiaop181","rrif_rdgbil_fiaop188"
" 22a. Osnovno stado - bruto","l10n_hr.account_type_aktiva",," 22a. Osnovno stado - bruto","consolidation","FI-AOP:182","rrif_rdgbil_fiaop182","rrif_rdgbil_fiaop188"
" 22b. Osnovno stado - neto","l10n_hr.account_type_aktiva",," 22b. Osnovno stado - neto","consolidation","FI-AOP:183","rrif_rdgbil_fiaop183","rrif_rdgbil_fiaop188"
" 23a. Šume – bruto","l10n_hr.account_type_aktiva",," 23a. Šume – bruto","consolidation","FI-AOP:184","rrif_rdgbil_fiaop184","rrif_rdgbil_fiaop188"
" 23b. Šume – neto","l10n_hr.account_type_aktiva",," 23b. Šume – neto","consolidation","FI-AOP:185","rrif_rdgbil_fiaop185","rrif_rdgbil_fiaop188"
" 24a. Knjige, umjetnička djela, spomenici kulture - bruto","l10n_hr.account_type_aktiva",," 24a. Knjige, umjetnička djela, spomenici kulture - bruto","consolidation","FI-AOP:186","rrif_rdgbil_fiaop186","rrif_rdgbil_fiaop188"
" 24b. Knjige, umjetnička djela, spomenici kulture - neto","l10n_hr.account_type_aktiva",," 24b. Knjige, umjetnička djela, spomenici kulture - neto","consolidation","FI-AOP:187","rrif_rdgbil_fiaop187","rrif_rdgbil_fiaop188"
"Kontrolni zbroj (189 do 193)","l10n_hr.account_type_aktiva",,"Kontrolni zbroj (189 do 193)","view","FI-AOP:194","rrif_rdgbil_fiaop194","rrif_rdgbil_fiaopdba"
" 25.  Dugoročni dužnički vrijednosni papiri trgovačkih društava - bruto","l10n_hr.account_type_aktiva",," 25.  Dugoročni dužnički vrijednosni papiri trgovačkih društava - bruto","consolidation","FI-AOP:189","rrif_rdgbil_fiaop189","rrif_rdgbil_fiaop194"
" 26.  Dugoročni dužnički vrijednosni papiri opće države - bruto","l10n_hr.account_type_aktiva",," 26.  Dugoročni dužnički vrijednosni papiri opće države - bruto","consolidation","FI-AOP:190","rrif_rdgbil_fiaop190","rrif_rdgbil_fiaop194"
" 27.  Kratkoročni dužnički vrijednosni papiri trgovačkih društava - bruto","l10n_hr.account_type_aktiva",," 27.  Kratkoročni dužnički vrijednosni papiri trgovačkih društava - bruto","consolidation","FI-AOP:191","rrif_rdgbil_fiaop191","rrif_rdgbil_fiaop194"
" 28.  Kratkoročni dužnički vrijednosni papiri opće države - bruto","l10n_hr.account_type_aktiva",," 28.  Kratkoročni dužnički vrijednosni papiri opće države - bruto","consolidation","FI-AOP:192","rrif_rdgbil_fiaop192","rrif_rdgbil_fiaop194"
" 29.  Udjeli u investicijskim fondovima - bruto","l10n_hr.account_type_aktiva",," 29.  Udjeli u investicijskim fondovima - bruto","consolidation","FI-AOP:193","rrif_rdgbil_fiaop193","rrif_rdgbil_fiaop194"
"Kontrolni zbroj (195 do 200)","l10n_hr.account_type_aktiva",,"Kontrolni zbroj (195 do 200)","view","FI-AOP:201","rrif_rdgbil_fiaop201","rrif_rdgbil_fiaopdba"
" 30.  Dugoročni zajmovi stanovništvu (potrošački...) - bruto","l10n_hr.account_type_aktiva",," 30.  Dugoročni zajmovi stanovništvu (potrošački...) - bruto","consolidation","FI-AOP:195","rrif_rdgbil_fiaop195","rrif_rdgbil_fiaop201"
" 31.  Dugoročni zajmovi neprofitnim institucijama - bruto","l10n_hr.account_type_aktiva",," 31.  Dugoročni zajmovi neprofitnim institucijama - bruto","consolidation","FI-AOP:196","rrif_rdgbil_fiaop196","rrif_rdgbil_fiaop201"
" 32.  Dugoročni zajmovi trgovačkim društvima - bruto","l10n_hr.account_type_aktiva",," 32.  Dugoročni zajmovi trgovačkim društvima - bruto","consolidation","FI-AOP:197","rrif_rdgbil_fiaop197","rrif_rdgbil_fiaop201"
" 33.  Kratkoročni zajmovi stanovništvu (potrošački...) - bruto","l10n_hr.account_type_aktiva",," 33.  Kratkoročni zajmovi stanovništvu (potrošački...) - bruto","consolidation","FI-AOP:198","rrif_rdgbil_fiaop198","rrif_rdgbil_fiaop201"
" 34.  Kratkoročni zajmovi neprofitnim institucijama - bruto","l10n_hr.account_type_aktiva",," 34.  Kratkoročni zajmovi neprofitnim institucijama - bruto","consolidation","FI-AOP:199","rrif_rdgbil_fiaop199","rrif_rdgbil_fiaop201"
" 35.  Kratkoročni zajmovi trgovačkim društvima - bruto","l10n_hr.account_type_aktiva",," 35.  Kratkoročni zajmovi trgovačkim društvima - bruto","consolidation","FI-AOP:200","rrif_rdgbil_fiaop200","rrif_rdgbil_fiaop201"
"Kontrolni zbroj (202 do 207)","l10n_hr.account_type_aktiva",,"Kontrolni zbroj (202 do 207)","view","FI-AOP:208","rrif_rdgbil_fiaop208","rrif_rdgbil_fiaopdba"
" 36.  Dugoročni trgovački krediti i predujmovi - ukupno bruto","l10n_hr.account_type_aktiva",," 36.  Dugoročni trgovački krediti i predujmovi - ukupno bruto","consolidation","FI-AOP:202","rrif_rdgbil_fiaop202","rrif_rdgbil_fiaop208"
" 37.  Dugoročni trgovački krediti i predujmovi trgovačkim društvima - bruto","l10n_hr.account_type_aktiva",," 37.  Dugoročni trgovački krediti i predujmovi trgovačkim društvima - bruto","consolidation","FI-AOP:203","rrif_rdgbil_fiaop203","rrif_rdgbil_fiaop208"
" 38.  Dugoročni trgovački krediti i predujmovi stanovništvu - bruto","l10n_hr.account_type_aktiva",," 38.  Dugoročni trgovački krediti i predujmovi stanovništvu - bruto","consolidation","FI-AOP:204","rrif_rdgbil_fiaop204","rrif_rdgbil_fiaop208"
" 39.  Kratkoročni trgovački krediti i predujmovi - ukupno - bruto","l10n_hr.account_type_aktiva",," 39.  Kratkoročni trgovački krediti i predujmovi - ukupno - bruto","consolidation","FI-AOP:205","rrif_rdgbil_fiaop205","rrif_rdgbil_fiaop208"
" 40.  Kratkoročni trgovački krediti i predujmovi trgovačkim društvima - bruto","l10n_hr.account_type_aktiva",," 40.  Kratkoročni trgovački krediti i predujmovi trgovačkim društvima - bruto","consolidation","FI-AOP:206","rrif_rdgbil_fiaop206","rrif_rdgbil_fiaop208"
" 41.  Kratkoročni krediti i predujmovi stanovništvu - bruto","l10n_hr.account_type_aktiva",," 41.  Kratkoročni krediti i predujmovi stanovništvu - bruto","consolidation","FI-AOP:207","rrif_rdgbil_fiaop207","rrif_rdgbil_fiaop208"
"BILANCA PASIVA","l10n_hr.account_type_pasiva",,"BILANCA PASIVA","view","FI-AOP:DBP","rrif_rdgbil_fiaopdbp","rrif_rdgbil_fiaop0dp"
"Kontrolni zbroj (209 do 211)","l10n_hr.account_type_pasiva",,"Kontrolni zbroj (209 do 211)","view","FI-AOP:212","rrif_rdgbil_fiaop212","rrif_rdgbil_fiaopdbp"
" 42.  Dugoročni zajmovi primljeni od rezidentnih trgovačkih društava","l10n_hr.account_type_pasiva",," 42.  Dugoročni zajmovi primljeni od rezidentnih trgovačkih društava","consolidation","FI-AOP:209","rrif_rdgbil_fiaop209","rrif_rdgbil_fiaop212"
" 43.  Kratkoročni zajmovi primljeni od rezidentnih trgovačkih društava","l10n_hr.account_type_pasiva",," 43.  Kratkoročni zajmovi primljeni od rezidentnih trgovačkih društava","consolidation","FI-AOP:210","rrif_rdgbil_fiaop210","rrif_rdgbil_fiaop212"
" 44.  Zajmovi primljeni od nerezidenata (dugoročni i kratkoročni)","l10n_hr.account_type_pasiva",," 44.  Zajmovi primljeni od nerezidenata (dugoročni i kratkoročni)","consolidation","FI-AOP:211","rrif_rdgbil_fiaop211","rrif_rdgbil_fiaop212"
"Kontrolni zbroj (213 do 218)","l10n_hr.account_type_pasiva",,"Kontrolni zbroj (213 do 218)","view","FI-AOP:219","rrif_rdgbil_fiaop219","rrif_rdgbil_fiaopdbp"
" 45.  Dugoročni trgovački krediti i predujmovi - ukupno","l10n_hr.account_type_pasiva",," 45.  Dugoročni trgovački krediti i predujmovi - ukupno","consolidation","FI-AOP:213","rrif_rdgbil_fiaop213","rrif_rdgbil_fiaop219"
" 46.  Dugoročni trgovački krediti i predujmovi od trgovačkih društava","l10n_hr.account_type_pasiva",," 46.  Dugoročni trgovački krediti i predujmovi od trgovačkih društava","consolidation","FI-AOP:214","rrif_rdgbil_fiaop214","rrif_rdgbil_fiaop219"
" 47.  Dugoročni trgovački krediti i predujmovi od stanovništva ","l10n_hr.account_type_pasiva",," 47.  Dugoročni trgovački krediti i predujmovi od stanovništva ","consolidation","FI-AOP:215","rrif_rdgbil_fiaop215","rrif_rdgbil_fiaop219"
" 48.  Kratkoročni trgovački krediti i predujmovi - ukupno","l10n_hr.account_type_pasiva",," 48.  Kratkoročni trgovački krediti i predujmovi - ukupno","consolidation","FI-AOP:216","rrif_rdgbil_fiaop216","rrif_rdgbil_fiaop219"
" 49.  Kratkoročni trgovački krediti i predujmovi od trgovačkih društava","l10n_hr.account_type_pasiva",," 49.  Kratkoročni trgovački krediti i predujmovi od trgovačkih društava","consolidation","FI-AOP:217","rrif_rdgbil_fiaop217","rrif_rdgbil_fiaop219"
" 50.  Kratkoročni trgovački krediti i predujmovi od stanovništva","l10n_hr.account_type_pasiva",," 50.  Kratkoročni trgovački krediti i predujmovi od stanovništva","consolidation","FI-AOP:218","rrif_rdgbil_fiaop218","rrif_rdgbil_fiaop219"
"OSTALI PODACI","l10n_hr.account_type_view",,"OSTALI PODACI","view","FI-AOP:DPO","rrif_rdgbil_fiaopdpo","rrif_rdgbil_fiaop0dp"
"Kontrolni zbroj (269 do 273)","l10n_hr.account_type_view",,"Kontrolni zbroj (269 do 273)","view","FI-AOP:274","rrif_rdgbil_fiaop274","rrif_rdgbil_fiaopdpo"
" 95.  Broj zaposlenih osoba (neplaćene osobe + plaćeni zaposlenici)
         na bazi prosjeka zbroja stanja krajem sva četiri tromjesečja","l10n_hr.account_type_view",," 95.  Broj zaposlenih osoba (neplaćene osobe + plaćeni zaposlenici)
         na bazi prosjeka zbroja stanja krajem sva četiri tr","consolidation","FI-AOP:269","rrif_rdgbil_fiaop269","rrif_rdgbil_fiaop274"
" 96.  Broj plaćenih zaposlenika","l10n_hr.account_type_view",," 96.  Broj plaćenih zaposlenika","consolidation","FI-AOP:270","rrif_rdgbil_fiaop270","rrif_rdgbil_fiaop274"
" 97.  Broj plaćenih zaposlenika koji rade nepuno radno vrijeme","l10n_hr.account_type_view",," 97.  Broj plaćenih zaposlenika koji rade nepuno radno vrijeme","consolidation","FI-AOP:271","rrif_rdgbil_fiaop271","rrif_rdgbil_fiaop274"
" 98.  Broj odrađenih sati plaćenih zaposlenika","l10n_hr.account_type_view",," 98.  Broj odrađenih sati plaćenih zaposlenika","consolidation","FI-AOP:272","rrif_rdgbil_fiaop272","rrif_rdgbil_fiaop274"
" 99.  Broj mogućih sati rada po plaćenom zaposleniku","l10n_hr.account_type_view",," 99.  Broj mogućih sati rada po plaćenom zaposleniku","consolidation","FI-AOP:273","rrif_rdgbil_fiaop273","rrif_rdgbil_fiaop274"
"Kontrolni zbroj (275 + 276)","l10n_hr.account_type_view",,"Kontrolni zbroj (275 + 276)","view","FI-AOP:277","rrif_rdgbil_fiaop277","rrif_rdgbil_fiaopdpo"
"100.  Broj lokalnih jedinica (LJ)","l10n_hr.account_type_view",,"100.  Broj lokalnih jedinica (LJ)","consolidation","FI-AOP:275","rrif_rdgbil_fiaop275","rrif_rdgbil_fiaop277"
"101.  Broj lokalnih jedinica prema vrsti djelatnosti (LJVD)","l10n_hr.account_type_view",,"101.  Broj lokalnih jedinica prema vrsti djelatnosti (LJVD)","consolidation","FI-AOP:276","rrif_rdgbil_fiaop276","rrif_rdgbil_fiaop277"
"RAČUN DOBITI I GUBITKA","l10n_hr.account_type_pasiva",,"RAČUN DOBITI I GUBITKA","view","FI-AOP:DPR","rrif_rdgbil_fiaopdpr","rrif_rdgbil_fiaop0dp"
"Kontrolni zbroj (220 do 233)","l10n_hr.account_type_prihod",,"Kontrolni zbroj (220 do 233)","view","FI-AOP:234","rrif_rdgbil_fiaop234","rrif_rdgbil_fiaopdpr"
" 51.  Prihod od industrijske djelatnosti","l10n_hr.account_type_prihod",," 51.  Prihod od industrijske djelatnosti","consolidation","FI-AOP:220","rrif_rdgbil_fiaop220","rrif_rdgbil_fiaop234"
" 52.  Prihod od prodaje roba i usluga (nabavljenih isključivo za daljnju prodaju)
         i trgovačkih usluga","l10n_hr.account_type_prihod",," 52.  Prihod od prodaje roba i usluga (nabavljenih isključivo za daljnju prodaju)
         i trgovačkih usluga","consolidation","FI-AOP:221","rrif_rdgbil_fiaop221","rrif_rdgbil_fiaop234"
" 53.  Prihod od posredništva (provizija)","l10n_hr.account_type_prihod",," 53.  Prihod od posredništva (provizija)","consolidation","FI-AOP:222","rrif_rdgbil_fiaop222","rrif_rdgbil_fiaop234"
" 54.  Prihod od građevinske djelatnosti - radova na zgradama","l10n_hr.account_type_prihod",," 54.  Prihod od građevinske djelatnosti - radova na zgradama","consolidation","FI-AOP:223","rrif_rdgbil_fiaop223","rrif_rdgbil_fiaop234"
" 55.  Prihod od građevinske djelatnosti - radova na ostalim građevinama","l10n_hr.account_type_prihod",," 55.  Prihod od građevinske djelatnosti - radova na ostalim građevinama","consolidation","FI-AOP:224","rrif_rdgbil_fiaop224","rrif_rdgbil_fiaop234"
" 56.  Prihod od građevinske djelatnosti kao podugovaratelj","l10n_hr.account_type_prihod",," 56.  Prihod od građevinske djelatnosti kao podugovaratelj","consolidation","FI-AOP:225","rrif_rdgbil_fiaop225","rrif_rdgbil_fiaop234"
" 57.  Prihod od poljoprivrede, šumarstva i ribarstva","l10n_hr.account_type_prihod",," 57.  Prihod od poljoprivrede, šumarstva i ribarstva","consolidation","FI-AOP:226","rrif_rdgbil_fiaop226","rrif_rdgbil_fiaop234"
" 58.  Prihod od djelatnosti hotela i restorana","l10n_hr.account_type_prihod",," 58.  Prihod od djelatnosti hotela i restorana","consolidation","FI-AOP:227","rrif_rdgbil_fiaop227","rrif_rdgbil_fiaop234"
" 59.  Prihod od djelatnosti prijevoza, skladištenja i veza","l10n_hr.account_type_prihod",," 59.  Prihod od djelatnosti prijevoza, skladištenja i veza","consolidation","FI-AOP:228","rrif_rdgbil_fiaop228","rrif_rdgbil_fiaop234"
" 60.  Prihod od ostalih djelatnosti (obuhvat prema uputama)","l10n_hr.account_type_prihod",," 60.  Prihod od ostalih djelatnosti (obuhvat prema uputama)","consolidation","FI-AOP:229","rrif_rdgbil_fiaop229","rrif_rdgbil_fiaop234"
" 61.  Prihodi od dotacija, državne potpore i subvencija","l10n_hr.account_type_prihod",," 61.  Prihodi od dotacija, državne potpore i subvencija","consolidation","FI-AOP:230","rrif_rdgbil_fiaop230","rrif_rdgbil_fiaop234"
" 62.  Prihodi od poslovnog najma nekretnina, opreme i slično","l10n_hr.account_type_prihod",," 62.  Prihodi od poslovnog najma nekretnina, opreme i slično","consolidation","FI-AOP:231","rrif_rdgbil_fiaop231","rrif_rdgbil_fiaop234"
" 63.  Prihodi od prodaje u zemlji","l10n_hr.account_type_prihod",," 63.  Prihodi od prodaje u zemlji","consolidation","FI-AOP:232","rrif_rdgbil_fiaop232","rrif_rdgbil_fiaop234"
" 64.  Prihodi od prodaje u inozemstvu","l10n_hr.account_type_prihod",," 64.  Prihodi od prodaje u inozemstvu","consolidation","FI-AOP:233","rrif_rdgbil_fiaop233","rrif_rdgbil_fiaop234"
"Kontrolni zbroj (235 do 252)","l10n_hr.account_type_prihod",,"Kontrolni zbroj (235 do 252)","view","FI-AOP:253","rrif_rdgbil_fiaop253","rrif_rdgbil_fiaopdpr"
" 65.  Troškovi energije","l10n_hr.account_type_prihod",," 65.  Troškovi energije","consolidation","FI-AOP:235","rrif_rdgbil_fiaop235","rrif_rdgbil_fiaop253"
" 66.  Tekući izdaci za zaštitu okoliša","l10n_hr.account_type_prihod",," 66.  Tekući izdaci za zaštitu okoliša","consolidation","FI-AOP:236","rrif_rdgbil_fiaop236","rrif_rdgbil_fiaop253"
" 67.  Troškovi robe i usluga nabavljenih za daljnju prodaju, a uključenih 
         u vlastite proizvode i/ili usluge","l10n_hr.account_type_prihod",," 67.  Troškovi robe i usluga nabavljenih za daljnju prodaju, a uključenih 
         u vlastite proizvode i/ili usluge","consolidation","FI-AOP:237","rrif_rdgbil_fiaop237","rrif_rdgbil_fiaop253"
" 68.  Troškovi usluga podugovaratelja za industrijsku robu i usluge","l10n_hr.account_type_prihod",," 68.  Troškovi usluga podugovaratelja za industrijsku robu i usluge","consolidation","FI-AOP:238","rrif_rdgbil_fiaop238","rrif_rdgbil_fiaop253"
" 69.  Troškovi usluga podugovaratelja za građevinske radove","l10n_hr.account_type_prihod",," 69.  Troškovi usluga podugovaratelja za građevinske radove","consolidation","FI-AOP:239","rrif_rdgbil_fiaop239","rrif_rdgbil_fiaop253"
" 70.  Troškovi usluga investicijskog održavanja","l10n_hr.account_type_prihod",," 70.  Troškovi usluga investicijskog održavanja","consolidation","FI-AOP:240","rrif_rdgbil_fiaop240","rrif_rdgbil_fiaop253"
" 71.  Troškovi usluga dugoročnog i operativnog leasinga materijalne imovine","l10n_hr.account_type_prihod",," 71.  Troškovi usluga dugoročnog i operativnog leasinga materijalne imovine","consolidation","FI-AOP:241","rrif_rdgbil_fiaop241","rrif_rdgbil_fiaop253"
" 72.  Izdaci za bruto autorske honorare i ugovore o djelu samo za fizičke osobe
         koje nemaju registriranu djelatnost","l10n_hr.account_type_prihod",," 72.  Izdaci za bruto autorske honorare i ugovore o djelu samo za fizičke osobe
         koje nemaju registriranu djelatnost","consolidation","FI-AOP:242","rrif_rdgbil_fiaop242","rrif_rdgbil_fiaop253"
" 73.  Izdaci za rad ostvaren preko studentskih i učeničkih servisa","l10n_hr.account_type_prihod",," 73.  Izdaci za rad ostvaren preko studentskih i učeničkih servisa","consolidation","FI-AOP:243","rrif_rdgbil_fiaop243","rrif_rdgbil_fiaop253"
" 74.  Troškovi agencijskih radnika","l10n_hr.account_type_prihod",," 74.  Troškovi agencijskih radnika","consolidation","FI-AOP:244","rrif_rdgbil_fiaop244","rrif_rdgbil_fiaop253"
" 75.  Premije osiguranja (bruto)","l10n_hr.account_type_prihod",," 75.  Premije osiguranja (bruto)","consolidation","FI-AOP:245","rrif_rdgbil_fiaop245","rrif_rdgbil_fiaop253"
" 76.  Porezi koji ne ovise o dobitku i pristojbe","l10n_hr.account_type_prihod",," 76.  Porezi koji ne ovise o dobitku i pristojbe","consolidation","FI-AOP:246","rrif_rdgbil_fiaop246","rrif_rdgbil_fiaop253"
" 77.  Stipendije","l10n_hr.account_type_prihod",," 77.  Stipendije","consolidation","FI-AOP:247","rrif_rdgbil_fiaop247","rrif_rdgbil_fiaop253"
" 78.  Nadoknade članovima uprave","l10n_hr.account_type_prihod",," 78.  Nadoknade članovima uprave","consolidation","FI-AOP:248","rrif_rdgbil_fiaop248","rrif_rdgbil_fiaop253"
" 79.  Primici u naravi","l10n_hr.account_type_prihod",," 79.  Primici u naravi","consolidation","FI-AOP:249","rrif_rdgbil_fiaop249","rrif_rdgbil_fiaop253"
" 80.  Nadoknade troškova, darovi i potpore zaposlenicima","l10n_hr.account_type_prihod",," 80.  Nadoknade troškova, darovi i potpore zaposlenicima","consolidation","FI-AOP:250","rrif_rdgbil_fiaop250","rrif_rdgbil_fiaop253"
" 81.  Otpremnine","l10n_hr.account_type_prihod",," 81.  Otpremnine","consolidation","FI-AOP:251","rrif_rdgbil_fiaop251","rrif_rdgbil_fiaop253"
" 82.  Ostali troškovi i rashodi drugih aktivnosti (npr. troškovi reklamacija i uzoraka,
         otpis imovine, manjkovi i krađe, kazne, penali, darovanja i sl.)","l10n_hr.account_type_prihod",," 82.  Ostali troškovi i rashodi drugih aktivnosti (npr. troškovi reklamacija i uzoraka,
         otpis imovine, manjkovi i krađe","consolidation","FI-AOP:252","rrif_rdgbil_fiaop252","rrif_rdgbil_fiaop253"
"Kontrolni zbroj (254 do 256)","l10n_hr.account_type_prihod",,"Kontrolni zbroj (254 do 256)","view","FI-AOP:257","rrif_rdgbil_fiaop257","rrif_rdgbil_fiaopdpr"
" 83.  Prihodi od kamata (s povezanim i nepovezanim poduzetnicima i drugim osobama)","l10n_hr.account_type_prihod",," 83.  Prihodi od kamata (s povezanim i nepovezanim poduzetnicima i drugim osobama)","consolidation","FI-AOP:254","rrif_rdgbil_fiaop254","rrif_rdgbil_fiaop257"
" 84.  Prihodi od dividendi (s povezanim i nepovezanim poduzetnicima i
         drugim osobama)","l10n_hr.account_type_prihod",," 84.  Prihodi od dividendi (s povezanim i nepovezanim poduzetnicima i
         drugim osobama)","consolidation","FI-AOP:255","rrif_rdgbil_fiaop255","rrif_rdgbil_fiaop257"
" 85.  Prihodi od udjela u dobiti","l10n_hr.account_type_prihod",," 85.  Prihodi od udjela u dobiti","consolidation","FI-AOP:256","rrif_rdgbil_fiaop256","rrif_rdgbil_fiaop257"
"Kontrolni zbroj (258 do 261)","l10n_hr.account_type_prihod",,"Kontrolni zbroj (258 do 261)","view","FI-AOP:262","rrif_rdgbil_fiaop262","rrif_rdgbil_fiaopdpr"
" 86.  Vrijednosno usklađivanje zaliha sirovina i materijala","l10n_hr.account_type_prihod",," 86.  Vrijednosno usklađivanje zaliha sirovina i materijala","consolidation","FI-AOP:258","rrif_rdgbil_fiaop258","rrif_rdgbil_fiaop262"
" 87.  Vrijednosno usklađivanje zaliha proizvodnje u tijeku, nedovršenih
         proizvoda i poluproizvoda","l10n_hr.account_type_prihod",," 87.  Vrijednosno usklađivanje zaliha proizvodnje u tijeku, nedovršenih
         proizvoda i poluproizvoda","consolidation","FI-AOP:259","rrif_rdgbil_fiaop259","rrif_rdgbil_fiaop262"
" 88.  Vrijednosno usklađivanje zaliha gotovih proizvoda","l10n_hr.account_type_prihod",," 88.  Vrijednosno usklađivanje zaliha gotovih proizvoda","consolidation","FI-AOP:260","rrif_rdgbil_fiaop260","rrif_rdgbil_fiaop262"
" 89.  Vrijednosno usklađivanje zaliha trgovačke robe
        (robe i usluga nabavljenih za daljnju prodaju)","l10n_hr.account_type_prihod",," 89.  Vrijednosno usklađivanje zaliha trgovačke robe
        (robe i usluga nabavljenih za daljnju prodaju)","consolidation","FI-AOP:261","rrif_rdgbil_fiaop261","rrif_rdgbil_fiaop262"
"Kontrolni zbroj (263 do 267)","l10n_hr.account_type_prihod",,"Kontrolni zbroj (263 do 267)","view","FI-AOP:268","rrif_rdgbil_fiaop268","rrif_rdgbil_fiaopdpr"
" 90.  Troškovi kamata (s povezanim i nepovezanim poduzetnicima i drugim osobama) ","l10n_hr.account_type_prihod",," 90.  Troškovi kamata (s povezanim i nepovezanim poduzetnicima i drugim osobama) ","consolidation","FI-AOP:263","rrif_rdgbil_fiaop263","rrif_rdgbil_fiaop268"
" 91.  Prihodi od najma zemljišta i prihodi od tantijema za iskorištavanje nafte,
         plina i drugih prirodnih dobara","l10n_hr.account_type_prihod",," 91.  Prihodi od najma zemljišta i prihodi od tantijema za iskorištavanje nafte,
         plina i drugih prirodnih dobara","consolidation","FI-AOP:264","rrif_rdgbil_fiaop264","rrif_rdgbil_fiaop268"
" 92.  Troškovi od najma zemljišta i plaćeni tantijemi za iskorištavanje nafte,
         plina i drugih prirodnih dobara","l10n_hr.account_type_prihod",," 92.  Troškovi od najma zemljišta i plaćeni tantijemi za iskorištavanje nafte,
         plina i drugih prirodnih dobara","consolidation","FI-AOP:265","rrif_rdgbil_fiaop265","rrif_rdgbil_fiaop268"
" 93.  Investicije u novu dugotrajnu imovinu","l10n_hr.account_type_prihod",," 93.  Investicije u novu dugotrajnu imovinu","consolidation","FI-AOP:266","rrif_rdgbil_fiaop266","rrif_rdgbil_fiaop268"
" 94.  Uvoz u razdoblju","l10n_hr.account_type_prihod",," 94.  Uvoz u razdoblju","consolidation","FI-AOP:267","rrif_rdgbil_fiaop267","rrif_rdgbil_fiaop268"
